Index,User Id,First Name,Last Name,Sex,Email
1,88F7B33d2bcf9f5,Shelby,Terrell,Male,elijah57@example.net
2,f90cD3E76f1A9b9,Phillip,Summers,Female,bethany14@example.com
3,DbeAb8CcdfeFC2c,Kristine,Travis,Male,bthompson@example.com
4,A31Bee3c201ef58,Yesenia,Martinez,Male,kaitlinkaiser@example.com
5,1bA7A3dc874da3c,Lori,Todd,Male,buchananmanuel@example.net
6,bfDD7CDEF5D865B,Erin,Day,Male,tconner@example.org
7,bE9EEf34cB72AF7,Katherine,Buck,Female,conniecowan@example.com
8,2EFC6A4e77FaEaC,Ricardo,Hinton,Male,wyattbishop@example.com
9,baDcC4DeefD8dEB,Dave,Farrell,Male,nmccann@example.net
10,8e4FB470FE19bF0,Isaiah,Downs,Male,virginiaterrell@example.org